Rank,Title,Year,Runtime,Certificate,IMDb Rating,Votes
1,The Shawshank Redemption,N/A,N/A,N/A,9.3, (3.2M)
2,The Godfather,N/A,N/A,N/A,9.2, (2.2M)
3,The Dark Knight,N/A,N/A,N/A,9.1, (3.2M)
4,The Godfather Part II,N/A,N/A,N/A,9.0, (1.5M)
5,12 Angry Men,N/A,N/A,N/A,9.0, (985K)
6,The Lord of the Rings: The Return of the King,N/A,N/A,N/A,9.0, (2.2M)
7,Schindler's List,N/A,N/A,N/A,9.0, (1.6M)
8,The Lord of the Rings: The Fellowship of the Ring,N/A,N/A,N/A,8.9, (2.2M)
9,Pulp Fiction,N/A,N/A,N/A,8.8, (2.4M)
10,"The Good, the Bad and the Ugly",N/A,N/A,N/A,8.8, (891K)
11,The Lord of the Rings: The Two Towers,N/A,N/A,N/A,8.8, (2M)
12,Forrest Gump,N/A,N/A,N/A,8.8, (2.5M)
13,Fight Club,N/A,N/A,N/A,8.8, (2.6M)
14,Inception,N/A,N/A,N/A,8.8, (2.8M)
15,Star Wars: Episode V - The Empire Strikes Back,N/A,N/A,N/A,8.7, (1.5M)
16,The Matrix,N/A,N/A,N/A,8.7, (2.3M)
17,GoodFellas,N/A,N/A,N/A,8.7, (1.4M)
18,Interstellar,N/A,N/A,N/A,8.7, (2.5M)
19,One Flew Over the Cuckoo's Nest,N/A,N/A,N/A,8.6, (1.2M)
20,Seven,N/A,N/A,N/A,8.6, (2M)
21,It's a Wonderful Life,N/A,N/A,N/A,8.6, (555K)
22,The Silence of the Lambs,N/A,N/A,N/A,8.6, (1.7M)
23,Saving Private Ryan,N/A,N/A,N/A,8.6, (1.6M)
24,Seven Samurai,N/A,N/A,N/A,8.6, (402K)
25,The Green Mile,N/A,N/A,N/A,8.6, (1.6M)
26,City of God,N/A,N/A,N/A,8.6, (872K)
27,Life Is Beautiful,N/A,N/A,N/A,8.6, (814K)
28,Terminator 2: Judgment Day,N/A,N/A,N/A,8.6, (1.3M)
29,Back to the Future,N/A,N/A,N/A,8.5, (1.5M)
30,Star Wars: Episode IV - A New Hope,N/A,N/A,N/A,8.6, (1.6M)
31,Spirited Away,N/A,N/A,N/A,8.6, (969K)
32,Gladiator,N/A,N/A,N/A,8.5, (1.9M)
33,The Pianist,N/A,N/A,N/A,8.5, (1M)
34,Kill Bill: The Whole Bloody Affair,N/A,N/A,N/A,8.7, (42K)
35,Parasite,N/A,N/A,N/A,8.5, (1.2M)
36,Grave of the Fireflies,N/A,N/A,N/A,8.5, (387K)
37,Psycho,N/A,N/A,N/A,8.5, (786K)
38,The Lion King,N/A,N/A,N/A,8.5, (1.3M)
39,Harakiri,N/A,N/A,N/A,8.6, (92K)
40,The Departed,N/A,N/A,N/A,8.5, (1.6M)
41,Whiplash,N/A,N/A,N/A,8.5, (1.2M)
42,The Prestige,N/A,N/A,N/A,8.5, (1.6M)
43,American History X,N/A,N/A,N/A,8.5, (1.3M)
44,Léon: The Professional,N/A,N/A,N/A,8.5, (1.4M)
45,Spider-Man: Across the Spider-Verse,N/A,N/A,N/A,8.5, (527K)
46,Cinema Paradiso,N/A,N/A,N/A,8.5, (317K)
47,Casablanca,N/A,N/A,N/A,8.5, (656K)
48,The Intouchables,N/A,N/A,N/A,8.5, (1M)
49,The Usual Suspects,N/A,N/A,N/A,8.5, (1.2M)
50,Django Unchained,N/A,N/A,N/A,8.5, (1.9M)
51,Alien,N/A,N/A,N/A,8.5, (1.1M)
52,Rear Window,N/A,N/A,N/A,8.4, (569K)
53,Modern Times,N/A,N/A,N/A,8.5, (285K)
54,Once Upon a Time in the West,N/A,N/A,N/A,8.5, (385K)
55,City Lights,N/A,N/A,N/A,8.5, (217K)
56,Apocalypse Now,N/A,N/A,N/A,8.4, (771K)
57,WALL·E,N/A,N/A,N/A,8.4, (1.3M)
58,Memento,N/A,N/A,N/A,8.4, (1.4M)
59,Dune: Part Two,N/A,N/A,N/A,8.4, (756K)
60,Avengers: Infinity War,N/A,N/A,N/A,8.4, (1.4M)
61,Raiders of the Lost Ark,N/A,N/A,N/A,8.4, (1.1M)
62,The Lives of Others,N/A,N/A,N/A,8.4, (444K)
63,Spider-Man: Into the Spider-Verse,N/A,N/A,N/A,8.4, (792K)
64,Sunset Boulevard,N/A,N/A,N/A,8.4, (261K)
65,Witness for the Prosecution,N/A,N/A,N/A,8.4, (162K)
66,Paths of Glory,N/A,N/A,N/A,8.4, (239K)
67,The Shining,N/A,N/A,N/A,8.4, (1.2M)
68,The Great Dictator,N/A,N/A,N/A,8.4, (259K)
69,Inglourious Basterds,N/A,N/A,N/A,8.4, (1.8M)
70,Aliens,N/A,N/A,N/A,8.4, (841K)
71,12th Fail,N/A,N/A,N/A,8.7, (172K)
72,High and Low,N/A,N/A,N/A,8.4, (72K)
73,Avengers: Endgame,N/A,N/A,N/A,8.4, (1.5M)
74,Good Will Hunting,N/A,N/A,N/A,8.4, (1.2M)
75,The Dark Knight Rises,N/A,N/A,N/A,8.4, (2M)
76,Coco,N/A,N/A,N/A,8.4, (710K)
77,Amadeus,N/A,N/A,N/A,8.4, (469K)
78,Toy Story,N/A,N/A,N/A,8.3, (1.2M)
79,Your Name.,N/A,N/A,N/A,8.4, (394K)
80,Das Boot,N/A,N/A,N/A,8.3, (288K)
81,Braveheart,N/A,N/A,N/A,8.3, (1.2M)
82,Princess Mononoke,N/A,N/A,N/A,8.3, (484K)
83,Oldboy,N/A,N/A,N/A,8.3, (720K)
Dr,Strangelove or: How I Learned to Stop Worrying and Love the Bomb,N/A,N/A,N/A,8.3, (551K)
85,3 Idiots,N/A,N/A,N/A,8.4, (483K)
86,American Beauty,N/A,N/A,N/A,8.3, (1.3M)
87,Capernaum,N/A,N/A,N/A,8.4, (125K)
88,Singin' in the Rain,N/A,N/A,N/A,8.3, (283K)
89,Joker,N/A,N/A,N/A,8.3, (1.7M)
90,Once Upon a Time in America,N/A,N/A,N/A,8.3, (409K)
91,Star Wars: Episode VI - Return of the Jedi,N/A,N/A,N/A,8.3, (1.2M)
92,Come and See,N/A,N/A,N/A,8.3, (123K)
93,Toy Story 3,N/A,N/A,N/A,8.3, (972K)
94,Requiem for a Dream,N/A,N/A,N/A,8.3, (975K)
95,Ikiru,N/A,N/A,N/A,8.3, (102K)
96,The Hunt,N/A,N/A,N/A,8.3, (410K)
97,Incendies,N/A,N/A,N/A,8.3, (252K)
98,Eternal Sunshine of the Spotless Mind,N/A,N/A,N/A,8.3, (1.2M)
99,The Apartment,N/A,N/A,N/A,8.3, (220K)
100,Lawrence of Arabia,N/A,N/A,N/A,8.3, (342K)
101,Heat,N/A,N/A,N/A,8.3, (805K)
102,Scarface,N/A,N/A,N/A,8.3, (1M)
103,Reservoir Dogs,N/A,N/A,N/A,8.3, (1.2M)
104,2001: A Space Odyssey,N/A,N/A,N/A,8.3, (784K)
105,Up,N/A,N/A,N/A,8.3, (1.2M)
106,Double Indemnity,N/A,N/A,N/A,8.3, (182K)
107,North by Northwest,N/A,N/A,N/A,8.3, (369K)
108,Like Stars on Earth,N/A,N/A,N/A,8.3, (233K)
109,Full Metal Jacket,N/A,N/A,N/A,8.2, (851K)
110,M,N/A,N/A,N/A,8.3, (183K)
111,Amélie,N/A,N/A,N/A,8.3, (841K)
112,A Separation,N/A,N/A,N/A,8.3, (278K)
113,Citizen Kane,N/A,N/A,N/A,8.2, (493K)
114,Vertigo,N/A,N/A,N/A,8.2, (459K)
115,Die Hard,N/A,N/A,N/A,8.2, (1M)
116,To Kill a Mockingbird,N/A,N/A,N/A,8.2, (351K)
117,Indiana Jones and the Last Crusade,N/A,N/A,N/A,8.2, (864K)
118,The Sting,N/A,N/A,N/A,8.2, (302K)
119,A Clockwork Orange,N/A,N/A,N/A,8.2, (937K)
120,Metropolis,N/A,N/A,N/A,8.2, (201K)
121,1917,N/A,N/A,N/A,8.2, (773K)
122,I Swear,N/A,N/A,N/A,8.4, (47K)
123,Snatch,N/A,N/A,N/A,8.2, (977K)
124,The Wolf of Wall Street,N/A,N/A,N/A,8.2, (1.8M)
125,Downfall,N/A,N/A,N/A,8.2, (401K)
126,The Truman Show,N/A,N/A,N/A,8.2, (1.4M)
L.A,Confidential,N/A,N/A,N/A,8.2, (659K)
128,Project Hail Mary,N/A,N/A,N/A,8.3, (335K)
129,Dangal,N/A,N/A,N/A,8.3, (244K)
130,Bicycle Thieves,N/A,N/A,N/A,8.2, (192K)
131,Shutter Island,N/A,N/A,N/A,8.2, (1.7M)
132,Green Book,N/A,N/A,N/A,8.2, (688K)
133,Oppenheimer,N/A,N/A,N/A,8.2, (1M)
134,Judgment at Nuremberg,N/A,N/A,N/A,8.3, (97K)
135,Batman Begins,N/A,N/A,N/A,8.2, (1.7M)
136,Jurassic Park,N/A,N/A,N/A,8.2, (1.2M)
137,Hamilton,N/A,N/A,N/A,8.3, (140K)
138,For a Few Dollars More,N/A,N/A,N/A,8.2, (300K)
139,Taxi Driver,N/A,N/A,N/A,8.2, (1M)
140,Some Like It Hot,N/A,N/A,N/A,8.2, (305K)
141,There Will Be Blood,N/A,N/A,N/A,8.2, (710K)
142,Attack on Titan: The Last Attack,N/A,N/A,N/A,9.0, (30K)
143,The Father,N/A,N/A,N/A,8.2, (246K)
144,The Kid,N/A,N/A,N/A,8.2, (146K)
145,All About Eve,N/A,N/A,N/A,8.2, (149K)
146,The Sixth Sense,N/A,N/A,N/A,8.2, (1.1M)
147,Ran,N/A,N/A,N/A,8.2, (152K)
148,Casino,N/A,N/A,N/A,8.2, (621K)
149,No Country for Old Men,N/A,N/A,N/A,8.2, (1.2M)
150,The Thing,N/A,N/A,N/A,8.2, (527K)
151,Prisoners,N/A,N/A,N/A,8.2, (938K)
152,Top Gun: Maverick,N/A,N/A,N/A,8.2, (875K)
Kill Bill: Vol,1,N/A,N/A,N/A,8.2, (1.3M)
154,Pan's Labyrinth,N/A,N/A,N/A,8.2, (747K)
155,Unforgiven,N/A,N/A,N/A,8.2, (469K)
156,A Beautiful Mind,N/A,N/A,N/A,8.2, (1.1M)
157,Howl's Moving Castle,N/A,N/A,N/A,8.2, (513K)
158,The Treasure of the Sierra Madre,N/A,N/A,N/A,8.2, (142K)
159,Finding Nemo,N/A,N/A,N/A,8.2, (1.2M)
160,Klaus,N/A,N/A,N/A,8.2, (238K)
161,Yojimbo,N/A,N/A,N/A,8.2, (143K)
162,The Elephant Man,N/A,N/A,N/A,8.2, (282K)
163,The Great Escape,N/A,N/A,N/A,8.2, (278K)
164,Monty Python and the Holy Grail,N/A,N/A,N/A,8.1, (604K)
165,Demon Slayer: Kimetsu No Yaiba Infinity Castle,N/A,N/A,N/A,8.4, (72K)
166,Dial M for Murder,N/A,N/A,N/A,8.1, (205K)
167,The Secret in Their Eyes,N/A,N/A,N/A,8.2, (243K)
168,Gone with the Wind,N/A,N/A,N/A,8.2, (356K)
169,"Lock, Stock and Two Smoking Barrels",N/A,N/A,N/A,8.1, (650K)
170,Chinatown,N/A,N/A,N/A,8.1, (377K)
171,The Best of Youth,N/A,N/A,N/A,8.4, (28K)
172,V for Vendetta,N/A,N/A,N/A,8.1, (1.2M)
173,Catch Me If You Can,N/A,N/A,N/A,8.1, (1.2M)
174,Inside Out,N/A,N/A,N/A,8.1, (917K)
175,Trainspotting,N/A,N/A,N/A,8.1, (769K)
176,"Three Billboards Outside Ebbing, Missouri",N/A,N/A,N/A,8.1, (609K)
177,Rashomon,N/A,N/A,N/A,8.1, (197K)
178,Dead Poets Society,N/A,N/A,N/A,8.1, (655K)
179,The Bridge on the River Kwai,N/A,N/A,N/A,8.1, (249K)
180,Harry Potter and the Deathly Hallows: Part 2,N/A,N/A,N/A,8.1, (1M)
181,The Wild Robot,N/A,N/A,N/A,8.2, (226K)
182,Barry Lyndon,N/A,N/A,N/A,8.1, (205K)
183,Warrior,N/A,N/A,N/A,8.1, (529K)
184,Ben-Hur,N/A,N/A,N/A,8.1, (272K)
185,Fargo,N/A,N/A,N/A,8.1, (788K)
186,Million Dollar Baby,N/A,N/A,N/A,8.1, (767K)
187,Mad Max: Fury Road,N/A,N/A,N/A,8.1, (1.2M)
188,Hacksaw Ridge,N/A,N/A,N/A,8.1, (683K)
189,Children of Heaven,N/A,N/A,N/A,8.2, (90K)
190,Raging Bull,N/A,N/A,N/A,8.1, (411K)
191,My Neighbor Totoro,N/A,N/A,N/A,8.1, (432K)
192,Gran Torino,N/A,N/A,N/A,8.1, (863K)
193,Ratatouille,N/A,N/A,N/A,8.1, (946K)
194,12 Years a Slave,N/A,N/A,N/A,8.1, (788K)
195,The Grand Budapest Hotel,N/A,N/A,N/A,8.1, (973K)
196,Memories of Murder,N/A,N/A,N/A,8.1, (268K)
197,Before Sunrise,N/A,N/A,N/A,8.1, (378K)
198,How to Train Your Dragon,N/A,N/A,N/A,8.1, (896K)
199,Blade Runner,N/A,N/A,N/A,8.1, (882K)
200,"Monsters, Inc.",N/A,N/A,N/A,8.1, (1.1M)
201,Gone Girl,N/A,N/A,N/A,8.1, (1.2M)
202,Spider-Man: No Way Home,N/A,N/A,N/A,8.1, (1M)
203,Jaws,N/A,N/A,N/A,8.1, (739K)
204,Ford v Ferrari,N/A,N/A,N/A,8.1, (573K)
205,In the Name of the Father,N/A,N/A,N/A,8.1, (203K)
206,Wild Tales,N/A,N/A,N/A,8.1, (239K)
207,The Gold Rush,N/A,N/A,N/A,8.1, (128K)
208,The Chaos Class Failed the Class,N/A,N/A,N/A,8.4, (31K)
209,Sherlock Jr.,N/A,N/A,N/A,8.1, (66K)
210,Mary and Max,N/A,N/A,N/A,8.1, (202K)
211,The Deer Hunter,N/A,N/A,N/A,8.1, (387K)
212,The Wages of Fear,N/A,N/A,N/A,8.1, (74K)
213,The General,N/A,N/A,N/A,8.1, (105K)
214,Rocky,N/A,N/A,N/A,8.1, (690K)
215,Logan,N/A,N/A,N/A,8.1, (928K)
Mr,Smith Goes to Washington,N/A,N/A,N/A,8.1, (130K)
217,Pirates of the Caribbean: The Curse of the Black Pearl,N/A,N/A,N/A,8.1, (1.3M)
218,A Silent Voice: The Movie,N/A,N/A,N/A,8.2, (143K)
219,Tokyo Story,N/A,N/A,N/A,8.1, (78K)
220,Chainsaw Man - The Movie: Reze Arc,N/A,N/A,N/A,8.3, (58K)
221,On the Waterfront,N/A,N/A,N/A,8.1, (178K)
222,La haine,N/A,N/A,N/A,8.1, (227K)
223,Spotlight,N/A,N/A,N/A,8.1, (536K)
224,Wild Strawberries,N/A,N/A,N/A,8.1, (125K)
225,The Sound of Music,N/A,N/A,N/A,8.1, (292K)
226,Maharaja,N/A,N/A,N/A,8.3, (82K)
227,The Terminator,N/A,N/A,N/A,8.1, (1M)
228,Jai Bhim,N/A,N/A,N/A,8.6, (235K)
229,The Third Man,N/A,N/A,N/A,8.1, (196K)
230,The Best Years of Our Lives,N/A,N/A,N/A,8.1, (77K)
231,The Big Lebowski,N/A,N/A,N/A,8.1, (917K)
232,Before Sunset,N/A,N/A,N/A,8.1, (316K)
233,Room,N/A,N/A,N/A,8.1, (481K)
234,The Incredibles,N/A,N/A,N/A,8.0, (903K)
235,The Seventh Seal,N/A,N/A,N/A,8.1, (216K)
236,Hachi: A Dog's Tale,N/A,N/A,N/A,8.1, (343K)
237,Hotel Rwanda,N/A,N/A,N/A,8.1, (392K)
238,Platoon,N/A,N/A,N/A,8.1, (472K)
239,The Exorcist,N/A,N/A,N/A,8.1, (499K)
240,The Iron Giant,N/A,N/A,N/A,8.1, (261K)
241,Rush,N/A,N/A,N/A,8.1, (560K)
242,The Wizard of Oz,N/A,N/A,N/A,8.1, (468K)
243,Stand by Me,N/A,N/A,N/A,8.1, (488K)
244,My Father and My Son,N/A,N/A,N/A,8.2, (101K)
245,The Battle of Algiers,N/A,N/A,N/A,8.1, (76K)
246,The Passion of Joan of Arc,N/A,N/A,N/A,8.1, (68K)
247,The Handmaiden,N/A,N/A,N/A,8.1, (204K)
248,Network,N/A,N/A,N/A,8.1, (186K)
Miracle in Cell No,7,N/A,N/A,N/A,8.2, (63K)
250,Drishyam,N/A,N/A,N/A,8.2, (109K)
